,customer_id,cltv
0,1,2.16
1,2,6.188356164383561
2,3,11.903287671232878
3,4,1.8904109589041094
4,5,1.8027397260273974
5,6,2.293013698630137
6,7,4.031506849315068
7,8,4.191780821917808
8,9,3.5671232876712327
9,10,3.3408219178082192
10,11,2.9515068493150682
11,12,2.6356164383561644
12,13,1.4219178082191781
13,14,3.355068493150685
14,15,3.73972602739726
15,16,4.734246575342465
16,17,0.06794520547945206
17,18,2.3808219178082193
18,19,2.157808219178082
19,20,2.6958904109589037
20,21,1.310958904109589
21,22,9.117260273972603
22,23,2.192876712328767
23,24,3.86958904109589
24,25,4.823013698630137
25,26,4.408356164383562
26,27,1.0684931506849316
27,28,8.770547945205479
28,29,2.308219178082192
29,30,2.13041095890411
30,31,2.515068493150685
31,32,2.0445205479452055
32,33,4.955479452054794
33,34,5.604164383561644
34,35,4.174657534246576
35,36,1.9438356164383563
36,37,3.1298630136986296
37,38,3.9698630136986304
38,39,5.2964383561643835
39,40,5.135890410958903
40,41,3.024383561643836
41,42,3.427397260273972
42,43,3.2334246575342465
43,44,2.6465753424657534
44,45,3.8461643835616437
45,46,3.5634246575342465
46,47,3.5046575342465753
47,48,4.476027397260274
48,49,1.937808219178082
49,50,1.2986301369863014
50,51,2.1805479452054795
51,52,3.9997260273972595
52,53,5.819726027397261
53,54,3.36986301369863
54,55,3.2910958904109586
55,56,2.1512328767123288
56,57,3.5876712328767124
57,58,4.836164383561643
58,59,2.235205479452055
59,60,5.813315068493151
60,61,1.6482191780821918
61,62,1.966027397260274
62,63,3.026301369863014
63,64,4.023424657534247
64,65,7.3567123287671246
65,66,2.9226027397260275
66,67,3.5473972602739727
67,68,1.2657534246575342
68,69,4.798493150684933
69,70,4.986301369863013
70,71,1.164931506849315
71,72,2.3116438356164384
72,73,3.2986301369863016
73,74,3.0821917808219177
74,75,3.4767123287671233
75,76,3.256849315068493
76,77,1.0964383561643836
77,78,1.68986301369863
78,79,0.4267123287671233
79,80,4.3772602739726025
80,81,6.4783561643835625
81,82,4.752739726027397
82,83,2.931369863013699
83,84,2.375342465753425
84,85,1.4073972602739728
85,86,2.4189041095890413
86,87,3.5046575342465753
87,88,2.1576712328767127
88,89,2.265205479452055
89,90,2.1238356164383556
90,91,0.833972602739726
91,92,3.3732876712328763
92,93,0.7301369863013698
93,94,3.9464383561643843
94,95,3.558219178082192
95,96,1.7227397260273971
96,97,1.8604109589041096
97,98,5.3116438356164375
98,99,4.412876712328767
99,100,5.96931506849315
100,101,4.4180821917808215
101,102,1.8904109589041096
102,103,1.047945205479452
103,104,1.4054794520547946
104,105,4.61986301369863
105,106,1.6606849315068495
106,107,3.5473972602739723
107,108,3.2142465753424654
108,109,3.1128767123287675
109,110,2.202328767123288
110,111,3.646849315068493
111,112,2.526027397260274
112,113,3.33013698630137
113,114,3.659178082191781
114,115,5.30958904109589
115,116,4.834109589041096
116,117,5.975890410958905
117,118,2.883013698630137
118,119,5.093698630136987
119,120,3.8869863013698627
120,121,3.412054794520548
121,122,0.8241095890410959
122,123,0.12821917808219177
123,124,3.005753424657535
124,125,2.464794520547945
125,126,2.3808219178082193
126,127,3.0582191780821915
127,128,3.3665753424657536
128,129,1.9068493150684929
129,130,3.9246575342465753
130,131,4.119863013698629
131,132,1.5965753424657534
132,133,3.2876712328767126
133,134,1.362191780821918
134,135,5.731506849315068
135,136,4.855890410958904
136,137,0.10547945205479452
137,138,3.505753424657535
138,139,1.6723287671232878
139,140,2.616438356164384
140,141,6.154109589041095
141,142,1.9972602739726029
142,143,3.4109589041095885
143,144,0.8301369863013698
144,145,5.392602739726028
145,146,1.6667123287671233
146,147,1.061917808219178
147,148,1.637123287671233
148,149,3.4060273972602735
149,150,1.0972602739726027
150,151,2.5545205479452053
151,152,2.421917808219178
152,153,0.04794520547945205
153,154,1.0538356164383562
154,155,2.5775342465753424
155,156,4.80082191780822
156,157,3.606575342465753
157,158,5.137397260273973
158,159,1.8839726027397263
159,160,2.977397260273973
160,161,1.5090410958904108
161,162,3.7315068493150676
162,163,1.6383561643835618
163,164,1.6545205479452052
164,165,0.17643835616438358
165,166,3.0575342465753423
166,167,5.070821917808219
167,168,3.541095890410959
168,169,3.7789041095890408
169,170,4.845890410958904
170,171,2.4397260273972603
171,172,3.5513698630136985
172,173,3.5205479452054793
173,174,3.8906849315068492
174,175,3.1512328767123283
175,176,4.628356164383562
176,177,2.219178082191781
177,178,2.6232876712328763
178,179,3.4389041095890405
179,180,4.593698630136987
180,181,3.0032876712328767
181,182,3.1815068493150687
182,183,3.4013698630136986
183,184,3.0227397260273974
184,185,1.3232876712328767
185,186,4.7231506849315075
186,187,0.647945205479452
187,188,0.8773972602739727
188,189,5.822465753424658
189,190,1.3989041095890409
190,191,2.404109589041096
191,192,3.992054794520548
192,193,3.357260273972603
193,194,4.855890410958903
194,195,2.3157534246575344
195,196,2.496712328767123
196,197,2.3972602739726026
197,198,2.1108219178082193
198,199,2.565068493150685
199,200,3.526027397260274
200,201,2.1095890410958904
201,202,4.094109589041096
202,203,2.9805479452054797
203,204,3.810958904109589
204,205,3.421917808219178
205,206,3.3728767123287673
206,207,0.5178082191780822
207,208,3.7745205479452055
208,209,3.4109589041095894
209,210,3.191780821917808
210,211,3.0416438356164384
211,212,2.8810958904109585
212,213,3.287671232876712
213,214,5.237260273972603
214,215,4.893287671232876
215,216,5.140410958904108
216,217,1.3232876712328767
217,218,2.0839726027397263
218,219,2.1301369863013697
219,220,1.6876712328767125
220,221,5.784109589041096
221,222,3.2157534246575343
222,223,3.1849315068493147
223,224,5.2224657534246575
224,225,0.6208219178082193
225,226,0.7079452054794519
226,227,1.3087671232876714
227,228,1.3705479452054796
228,229,4.497534246575342
229,230,3.816438356164384
230,231,2.416438356164383
231,232,1.5973972602739728
232,233,1.3463013698630135
233,234,2.1035616438356164
234,235,2.823013698630137
235,236,2.2873972602739725
236,237,3.5723287671232877
237,238,2.3801369863013697
238,239,1.7527397260273971
239,240,3.1375342465753424
240,241,3.6887671232876715
241,242,3.9257534246575347
242,243,2.136986301369863
243,244,1.465753424657534
244,245,1.5312328767123287
245,246,3.441643835616439
246,247,5.726575342465754
247,248,3.706027397260274
248,249,2.2376712328767123
249,250,2.627945205479452
250,251,4.602739726027398
251,252,4.060273972602739
252,253,3.214109589041096
253,254,2.3157534246575344
254,255,2.2265753424657535
255,256,1.2747945205479452
256,257,1.8353424657534247
257,258,2.4690410958904105
258,259,2.3215068493150683
259,260,1.2964383561643835
260,261,0.9082191780821919
261,262,2.315068493150685
262,263,4.013013698630137
263,264,2.86
264,265,3.5423287671232875
265,266,0.7265753424657535
266,267,4.241095890410959
267,268,0.5375342465753424
268,269,4.223835616438357
269,270,1.8554794520547946
270,271,2.2275342465753427
271,272,5.527397260273973
272,273,0.8420547945205479
273,274,3.3287671232876708
274,275,2.510958904109589
275,276,3.809315068493151
276,277,1.4575342465753425
277,278,3.435616438356165
278,279,2.745890410958904
279,280,5.159589041095891
280,281,4.3273972602739725
281,282,2.8904109589041096
282,283,2.791232876712329
283,284,2.030958904109589
284,285,2.964794520547945
285,286,3.9353424657534246
286,287,0.7978082191780822
287,288,3.706027397260274
288,289,2.728767123287671
289,290,1.713972602739726
290,291,3.5224657534246577
291,292,0.18739726027397263
292,293,1.325068493150685
293,294,3.718356164383562
294,295,1.4816438356164383
295,296,1.3479452054794518
296,297,2.0424657534246573
297,298,1.5067123287671234
298,299,2.1
299,300,3.261369863013699
300,301,3.532054794520548
301,302,4.157534246575342
302,303,0.5684931506849314
303,304,2.640821917808219
304,305,3.9006849315068495
305,306,2.1369863013698627
306,307,3.8835616438356166
307,308,1.1465753424657532
308,309,2.2794520547945205
309,310,1.8534246575342468
310,311,3.657808219178082
311,312,1.817260273972603
312,313,5.056027397260274
313,314,2.64945205479452
314,315,4.2306849315068495
315,316,0.8845205479452055
316,317,4.445616438356165
317,318,3.6364383561643834
318,319,5.348630136986301
319,320,6.393835616438355
320,321,3.9464383561643843
321,322,4.517123287671232
322,323,3.6295890410958904
323,324,2.4858904109589046
324,325,3.758082191780822
325,326,3.4619178082191775
326,327,3.203561643835616
327,328,7.5993150684931505
328,329,5.203972602739726
329,330,3.9554794520547945
330,331,2.8356164383561646
331,332,3.27041095890411
332,333,1.7297260273972603
333,334,0.9082191780821919
334,335,3.021917808219178
335,336,3.6472602739726026
336,337,2.3253424657534247
337,338,5.73041095890411
338,339,0.0
339,340,4.423561643835616
340,341,3.6898630136986306
341,342,7.722739726027397
342,343,1.8267123287671232
343,344,5.235616438356165
344,345,0.8663013698630136
345,346,3.429041095890411
346,347,4.483835616438356
347,348,0.0
348,349,0.031506849315068496
349,350,2.763150684931507
350,351,2.9616438356164387
351,352,3.7243835616438354
352,353,1.9187671232876713
353,354,1.4663013698630138
354,355,4.382602739726027
355,356,4.2276712328767125
356,357,1.3808219178082193
357,358,2.3220547945205485
358,359,0.0
359,360,2.0643835616438357
360,361,5.86082191780822
361,362,1.1265753424657534
362,363,1.359178082191781
363,364,2.600547945205479
364,365,1.1835616438356165
365,366,0.9734246575342466
366,367,1.2336986301369863
367,368,1.7893150684931507
368,369,2.489178082191781
369,370,1.4904109589041095
370,371,0.2901369863013698
371,372,1.8086301369863014
372,373,0.5123287671232877
373,374,2.48027397260274
374,375,1.3041095890410959
375,376,2.5123287671232877
376,377,3.569178082191781
377,378,4.334246575342466
378,379,3.1057534246575345
379,380,0.69986301369863
380,381,4.481369863013699
381,382,1.8912328767123288
382,383,3.0452054794520547
383,384,4.905616438356164
384,385,0.7027397260273973
385,386,1.9890410958904108
386,387,3.375342465753425
387,388,6.2194520547945205
388,389,1.8197260273972602
389,390,2.5775342465753424
390,391,2.712328767123288
391,392,4.4021917808219175
392,393,2.7013698630136984
393,394,4.458904109589041
394,395,2.717260273972603
395,396,6.562739726027397
396,397,0.7323287671232876
397,398,3.801095890410959
398,399,2.617808219178082
399,400,4.767123287671232
400,401,2.267123287671233
401,402,1.4904109589041097
402,403,4.669315068493151
403,404,2.5786301369863014
404,405,1.0068493150684932
405,406,4.732328767123287
406,407,3.567123287671233
407,408,5.630958904109589
408,409,3.373150684931507
409,410,5.910958904109589
410,411,2.463835616438357
411,412,1.0068493150684932
412,413,0.7747945205479453
413,414,3.9698630136986304
414,415,0.34520547945205476
415,416,2.895479452054795
416,417,1.3863013698630138
417,418,3.3506849315068497
418,419,1.3923287671232876
419,420,7.647260273972603
420,421,1.6076712328767122
421,422,1.665616438356164
422,423,1.6150684931506847
423,424,3.600821917808219
424,425,3.606164383561644
425,426,2.403287671232876
426,427,0.0
427,428,6.037260273972604
428,429,4.167945205479453
429,430,5.906849315068493
430,431,2.6104109589041093
431,432,6.008356164383562
432,433,2.7852054794520553
433,434,3.1030136986301375
434,435,5.4520547945205475
435,436,2.291095890410959
436,437,6.398630136986301
437,438,4.804520547945206
438,439,2.7924657534246577
439,440,4.352876712328767
440,441,3.36
441,442,1.5410958904109588
442,443,1.8306849315068492
443,444,5.300821917808219
444,445,0.6472602739726027
445,446,6.282739726027398
446,447,5.46958904109589
447,448,4.245479452054795
448,449,3.180547945205479
449,450,2.863561643835616
450,451,1.8084931506849315
451,452,2.026575342465753
452,453,1.786164383561644
453,454,0.3458904109589041
454,455,1.0684931506849313
455,456,5.422191780821918
456,457,0.38904109589041097
457,458,1.558904109589041
458,459,2.3175342465753426
459,460,0.04178082191780822
460,461,6.541095890410959
461,462,1.354931506849315
462,463,1.6704109589041096
463,464,1.467945205479452
464,465,4.565068493150685
465,466,2.773150684931507
466,467,2.6301369863013697
467,468,0.8309589041095891
468,469,3.143835616438356
469,470,1.6780821917808217
470,471,0.5628767123287671
471,472,3.3731506849315065
472,473,2.847397260273973
473,474,0.34383561643835614
474,475,1.7432876712328766
475,476,5.45041095890411
476,477,6.674739726027398
477,478,1.1397260273972603
478,479,2.7123287671232874
479,480,1.9884931506849317
480,481,3.958904109589041
481,482,3.946849315068494
482,483,1.0816438356164382
483,484,1.7701369863013698
484,485,2.763150684931507
485,486,2.2260273972602738
486,487,1.7534246575342465
487,488,0.4931506849315068
488,489,1.0282191780821919
489,490,1.7705479452054795
490,491,3.895068493150685
491,492,1.6698630136986303
492,493,5.321506849315069
493,494,1.7191780821917808
494,495,3.5728767123287675
495,496,1.5473972602739725
496,497,4.379178082191781
497,498,1.7482191780821918
498,499,1.0723287671232877
499,500,6.014246575342466
500,501,3.047945205479452
501,502,3.5205479452054793
502,503,7.537808219178083
503,504,3.126575342465753
504,505,1.9046575342465755
505,506,2.175890410958904
506,507,4.906164383561643
507,508,3.0523287671232877
508,509,1.983013698630137
509,510,2.128767123287671
510,511,3.6506849315068495
511,512,2.41027397260274
512,513,1.7231506849315068
513,514,2.8602739726027395
514,515,2.3808219178082193
515,516,2.077808219178082
516,517,3.1452054794520548
517,518,1.3052054794520547
518,519,1.2513698630136987
519,520,3.0
520,521,2.1476712328767125
521,522,1.2801369863013699
522,523,2.1095890410958904
523,524,1.4073972602739728
524,525,3.2732876712328767
525,526,4.955616438356165
526,527,2.60986301369863
527,528,0.4267123287671233
528,529,1.6995890410958905
529,530,2.3630136986301373
530,531,3.2104109589041094
531,532,2.0630136986301366
532,533,4.362739726027397
533,534,4.2020547945205475
534,535,0.48520547945205483
535,536,4.462328767123288
536,537,2.623561643835616
537,538,2.558356164383562
538,539,4.153972602739726
539,540,2.211287671232877
540,541,7.26082191780822
541,542,3.1424657534246574
542,543,0.9800000000000002
543,544,2.6119178082191783
544,545,2.046301369863014
545,546,3.6827397260273975
546,547,4.954246575342466
547,548,8.54013698630137
548,549,6.905342465753424
549,550,3.436027397260274
550,551,2.8273972602739725
551,552,2.5178082191780824
552,553,2.5342465753424657
553,554,3.228904109589041
554,555,1.6482191780821918
555,556,5.551643835616437
556,557,5.321095890410959
557,558,5.429589041095891
558,559,2.3046575342465747
559,560,1.6273972602739724
560,561,2.142191780821918
561,562,1.3253424657534245
562,563,5.703287671232877
563,564,3.728219178082192
564,565,1.2438356164383562
565,566,4.145753424657534
566,567,3.961232876712329
567,568,1.8835616438356164
568,569,0.5897260273972603
569,570,2.0093150684931507
570,571,1.0397260273972604
571,572,3.0616438356164384
572,573,5.64041095890411
573,574,5.883835616438357
574,575,1.7600000000000002
575,576,1.506849315068493
576,577,3.721917808219178
577,578,1.4465753424657533
578,579,5.06958904109589
579,580,3.541095890410959
580,581,7.191780821917809
581,582,0.560958904109589
582,583,0.28356164383561644
583,584,3.1923287671232874
584,585,1.7854794520547945
585,586,4.345890410958904
586,587,3.204657534246575
587,588,0.8895890410958905
588,589,3.5865753424657534
589,590,1.6709589041095891
590,591,4.7089041095890405
591,592,3.328767123287671
592,593,1.8715068493150684
593,594,1.9989041095890407
594,595,2.5643835616438353
595,596,3.5839726027397267
596,597,4.88013698630137
597,598,6.663835616438355
598,599,7.8484931506849325
599,600,1.660958904109589
600,601,5.979726027397261
601,602,3.3271232876712333
602,603,3.3068493150684932
603,604,1.2043835616438356
604,605,0.7491506849315068
605,606,3.006849315068493
606,607,3.5901369863013697
607,608,7.376712328767122
608,609,0.06027397260273973
609,610,5.197671232876712
610,611,2.1435616438356164
611,612,4.99068493150685
612,613,1.5369863013698628
613,614,0.4767123287671233
614,615,2.0482191780821917
615,616,3.4952054794520553
616,617,3.0846575342465754
617,618,1.7531506849315068
618,619,1.969178082191781
619,620,1.465753424657534
620,621,3.0498630136986304
621,622,2.945479452054795
622,623,0.1095890410958904
623,624,3.488219178082191
624,625,4.181369863013699
625,626,2.2794520547945205
626,627,4.6158904109589045
627,628,3.827397260273973
628,629,2.9227397260273973
629,630,0.03328767123287671
630,631,3.7167123287671235
631,632,3.0254794520547943
632,633,2.511369863013699
633,634,6.506849315068493
634,635,1.1075342465753424
635,636,3.355068493150685
636,637,1.6964383561643834
637,638,1.3350684931506849
638,639,2.552054794520548
639,640,4.009315068493151
640,641,3.271643835616439
641,642,5.188356164383562
642,643,6.927534246575343
643,644,2.116438356164383
644,645,3.080821917808219
645,646,3.080821917808219
646,647,2.748082191780822
647,648,5.457808219178082
648,649,4.915068493150685
649,650,3.5747945205479454
650,651,4.739726027397261
651,652,3.242054794520548
652,653,6.425205479452055
653,654,1.1095890410958904
654,655,4.15013698630137
655,656,3.9712328767123286
656,657,1.9405479452054795
657,658,2.610684931506849
658,659,5.772602739726028
659,660,1.3906849315068492
660,661,5.3334246575342465
661,662,3.214109589041096
662,663,4.681506849315068
663,664,7.556301369863014
664,665,4.11945205479452
665,666,2.0904109589041093
666,667,3.0920547945205477
667,668,2.3767123287671232
668,669,3.9257534246575343
669,670,4.451506849315068
670,671,1.2931506849315069
671,672,2.404109589041096
672,673,1.9306849315068495
673,674,5.34082191780822
674,675,0.47561643835616435
675,676,5.651506849315069
676,677,2.934931506849315
677,678,3.803013698630137
678,679,2.60986301369863
679,680,2.2534246575342465
680,681,3.218630136986301
681,682,0.33123287671232876
682,683,4.405068493150685
683,684,4.658630136986302
684,685,3.287671232876712
685,686,6.332602739726028
686,687,8.837260273972602
687,688,2.129178082191781
688,689,4.0780821917808225
689,690,1.2753424657534247
690,691,2.780821917808219
691,692,3.15
692,693,1.6575342465753424
693,694,2.767397260273972
694,695,3.4742465753424656
695,696,0.40753424657534243
696,697,6.757397260273972
697,698,3.7328767123287667
698,699,2.284109589041096
699,700,0.8739726027397262
700,701,1.6335616438356164
701,702,3.383013698630137
702,703,5.342465753424658
703,704,5.179726027397262
704,705,1.4164383561643836
705,706,2.7452054794520544
706,707,7.0993150684931505
707,708,2.163287671232877
708,709,4.68027397260274
709,710,5.7495890410958905
710,711,2.824109589041096
711,712,2.863013698630137
712,713,0.12945205479452054
713,714,2.3671232876712325
714,715,2.9879452054794524
715,716,2.0410958904109586
716,717,1.3742465753424657
717,718,3.0180821917808216
718,719,4.793972602739726
719,720,2.257260273972603
720,721,0.4389041095890411
721,722,3.709041095890411
722,723,2.704246575342466
723,724,2.8828767123287675
724,725,4.844383561643836
725,726,1.6243835616438353
726,727,5.507260273972603
727,728,3.9449315068493154
728,729,4.537534246575342
729,730,3.5802739726027397
730,731,4.8304109589041095
731,732,3.8028767123287675
732,733,2.9312328767123286
733,734,5.313972602739725
734,735,5.2405479452054795
735,736,4.287671232876712
736,737,2.834520547945206
737,738,2.2721917808219176
738,739,1.6383561643835618
739,740,2.424109589041096
740,741,0.5164383561643836
741,742,1.2947945205479454
742,743,4.595068493150685
743,744,3.0876712328767124
744,745,3.0147945205479445
745,746,3.8028767123287675
746,747,1.726027397260274
747,748,5.386986301369863
748,749,1.4705479452054795
749,750,0.9863013698630136
750,751,3.2835616438356166
751,752,1.284931506849315
752,753,3.8432876712328765
753,754,2.8712328767123285
754,755,1.518904109589041
755,756,4.5049315068493145
756,757,1.491780821917808
757,758,1.190958904109589
758,759,1.452054794520548
759,760,2.730958904109589
760,761,1.6712328767123286
761,762,4.241095890410959
762,763,3.797260273972603
763,764,2.384109589041096
764,765,2.9539726027397255
765,766,0.4468493150684932
766,767,6.467397260273973
767,768,4.311643835616438
768,769,4.743150684931506
769,770,2.052739726027397
770,771,2.1246575342465754
771,772,3.036575342465753
772,773,5.542465753424658
773,774,2.969178082191781
774,775,1.78027397260274
775,776,4.719178082191781
776,777,5.27054794520548
777,778,2.8545205479452056
778,779,4.445479452054795
779,780,1.7293150684931509
780,781,0.8178082191780821
781,782,1.131780821917808
782,783,1.452054794520548
783,784,2.097808219178082
784,785,4.0810958904109595
785,786,1.2465753424657533
786,787,1.8904109589041092
787,788,2.432328767123288
788,789,3.7895890410958906
789,790,3.851506849315068
790,791,1.1232876712328768
791,792,0.526027397260274
792,793,1.8630136986301369
793,794,4.221917808219178
794,795,4.383561643835616
795,796,4.8493150684931505
796,797,1.1842465753424658
797,798,3.953972602739726
798,799,2.430821917808219
799,800,3.1956164383561645
800,5000,1.2657534246575344
801,5001,2.8997260273972607
802,5002,3.601643835616439
803,5003,2.580821917808219
804,5004,0.96986301369863
805,5005,2.837260273972602
806,5006,3.6438356164383565
807,5007,1.7293150684931506
808,5008,1.4054794520547946
809,5009,4.38013698630137
810,5010,2.892328767123288
811,5011,1.3712328767123287
812,5012,4.221917808219178
813,5013,3.386849315068493
814,5014,3.4349315068493147
815,5015,2.769315068493151
816,5016,0.7372602739726026
817,5017,2.5323287671232872
818,5018,0.5753424657534246
819,5019,0.5917808219178082
820,5020,3.8273972602739725
821,5021,2.602739726027397
822,5022,1.3284931506849313
823,5023,3.4405479452054792
824,5024,0.4668493150684931
825,5025,3.5224657534246577
826,5026,10.17123287671233
827,5027,1.043835616438356
828,5028,2.06013698630137
829,5029,3.379178082191781
830,5030,2.9280821917808217
831,5031,0.6246575342465753
832,5032,2.396301369863014
833,5033,10.85095890410959
834,5034,1.104109589041096
835,5035,4.786849315068494
836,5036,1.3294520547945206
837,5037,1.4673972602739727
838,5038,1.7260273972602738
839,5039,3.4928767123287674
840,5040,6.002876712328768
841,5041,0.5712328767123288
842,5042,3.2487671232876716
843,5043,2.2054794520547945
844,5044,3.1068493150684935
845,5045,3.3657534246575342
846,5046,3.172739726027398
847,5047,1.2353424657534247
848,5048,2.73
849,5049,5.1287671232876715
850,5050,1.091095890410959
851,5051,1.63013698630137
852,5052,2.1227397260273975
853,5053,2.0305479452054795
854,5054,2.005068493150685
855,5055,2.4534246575342467
856,5056,3.813287671232877
857,5057,3.82027397260274
858,5058,4.024109589041096
859,5059,1.6397260273972603
860,5060,3.1336986301369865
861,5061,1.2082191780821916
862,5062,4.3447945205479455
863,5063,2.266849315068493
864,5064,3.1697260273972603
865,5065,2.6186301369863014
866,5066,2.5150684931506846
867,5067,1.8345205479452051
868,5068,3.366301369863014
869,5069,2.952054794520548
870,5070,3.1150684931506847
871,5071,7.042191780821918
872,5072,3.8136986301369857
873,5073,3.4443835616438356
874,5074,2.3265753424657536
875,5075,2.426027397260274
876,5076,0.0
877,5077,2.7221917808219174
878,5078,1.4882191780821916
879,5079,2.4706849315068493
880,5080,1.1806849315068493
881,5081,5.122602739726028
882,5082,3.8715068493150686
883,5083,6.143835616438356
884,5084,8.04082191780822
885,5085,4.297945205479452
886,5086,2.896164383561644
887,5087,2.337534246575342
888,5088,1.5687671232876712
889,5089,1.6131506849315072
890,5090,3.6273972602739724
891,5091,9.72
892,5092,2.7226027397260273
893,5093,2.965753424657534
894,5094,2.065068493150685
895,5095,3.2010958904109588
896,5096,3.4797260273972603
897,5097,5.817945205479453
898,5098,2.3126027397260276
899,5099,0.9684931506849316
900,5100,4.930410958904109
901,5101,0.9506849315068493
902,5102,1.9041095890410957
903,5103,2.0904109589041098
904,5104,1.2452054794520548
905,5105,2.1057534246575345
906,5106,6.010410958904109
907,5107,2.4682191780821916
908,5108,3.8801369863013693
909,5109,2.8405479452054796
910,5110,2.4230136986301374
911,5111,3.087945205479452
912,5112,4.2384657534246575
913,5113,1.7167123287671233
914,5114,1.4597260273972603
915,5115,3.2017808219178083
916,5116,3.4027397260273973
917,5117,0.9052054794520548
918,5118,0.6945205479452055
919,5119,2.5616438356164384
920,5120,2.8830410958904107
921,5121,1.8664383561643834
922,5122,3.172602739726027
923,5123,3.4952054794520553
924,5124,3.3231506849315067
925,5125,2.9764383561643837
926,5126,1.5123287671232877
927,5127,2.736986301369863
928,5128,0.7680821917808219
929,5129,1.1164383561643836
930,5130,4.76013698630137
931,5131,0.7999999999999999
932,5132,2.664109589041096
933,5133,0.3835616438356164
934,5134,3.3065753424657536
935,5135,2.541095890410959
936,5136,2.778082191780822
937,5137,2.9534246575342467
938,5138,1.153972602739726
939,5139,2.1041095890410957
940,5140,2.029041095890411
941,5141,3.2372602739726033
942,5142,1.9753424657534249
943,5143,1.0164383561643837
944,5144,3.4772602739726026
945,5145,4.904383561643836
946,5146,2.6704109589041094
947,5147,0.0
948,5148,1.0246575342465754
949,5149,1.6506849315068493
950,5150,4.143835616438356
951,5151,2.1186301369863014
952,5152,2.2224657534246575
953,5153,0.6027397260273972
954,5154,2.5753424657534243
955,5155,0.8021917808219177
956,5156,1.095890410958904
957,5157,3.927945205479452
958,5158,3.992876712328767
959,5159,2.932328767123287
960,5160,0.2668493150684932
961,5161,1.7736986301369861
962,5162,2.823013698630137
963,5163,5.3583561643835615
964,5164,4.893287671232877
965,5165,2.0445205479452055
966,5166,3.7871232876712337
967,5167,3.058767123287672
968,5168,2.643835616438356
969,5169,3.258904109589041
970,5170,2.021917808219178
971,5171,4.5034246575342465
972,5172,1.102191780821918
973,5173,1.7076712328767125
974,5174,4.754794520547945
975,5175,1.8308219178082192
976,5176,3.101095890410959
977,5177,0.7816438356164384
978,5178,3.582465753424658
979,5179,3.1734246575342464
980,5180,3.6616438356164385
981,5181,1.8904109589041096
982,5182,3.155342465753425
983,5183,0.8926027397260272
984,5184,1.21972602739726
985,5185,2.007945205479452
986,5186,2.3116438356164384
987,5187,4.7564383561643835
988,5188,0.23013698630136986
989,5189,2.0684931506849313
990,5190,3.5241643835616436
991,5191,2.706849315068493
992,5192,2.4854794520547943
993,5193,3.371506849315069
994,5194,1.1657534246575343
995,5195,2.7410958904109592
996,5196,5.284767123287671
997,5197,2.437397260273973
998,5198,2.893835616438356
999,5199,3.6643835616438354
1000,5200,2.015890410958904
1001,5201,3.274246575342466
1002,5202,0.16849315068493148
1003,5203,3.780821917808219
1004,5204,1.9532876712328766
1005,5205,3.8136986301369857
1006,5206,0.32602739726027397
1007,5207,1.083945205479452
1008,5208,4.268219178082192
1009,5209,2.8810958904109585
1010,5210,3.5684931506849313
1011,5211,3.1993150684931506
1012,5212,1.772054794520548
1013,5213,4.412054794520548
1014,5214,0.9315068493150686
1015,5215,0.8054794520547945
1016,5216,2.8294520547945208
1017,5217,0.8979452054794521
1018,5218,3.478356164383561
1019,5219,2.110958904109589
1020,5220,3.9109589041095894
1021,5221,2.3664383561643834
1022,5222,4.538219178082191
1023,5223,3.68013698630137
1024,5224,4.2345205479452055
1025,5225,5.248356164383562
1026,5226,2.0942465753424657
1027,5227,3.5402739726027397
1028,5228,7.411780821917808
1029,5229,1.7509589041095894
1030,5230,0.9013698630136986
1031,5231,2.5123287671232877
1032,5232,3.974794520547945
1033,5233,4.461369863013699
1034,5234,1.2353424657534244
1035,5235,1.9298630136986301
1036,5236,1.98
1037,5237,2.0975342465753424
1038,5238,3.0895890410958904
1039,5239,1.131780821917808
1040,5240,2.803013698630137
1041,5241,0.96986301369863
1042,5242,3.148493150684932
1043,5243,1.0027397260273971
1044,5244,4.68027397260274
1045,5245,3.0131506849315066
1046,5246,3.3339178082191783
1047,5247,1.2887671232876712
1048,5248,0.35654794520547944
1049,5249,3.1164383561643834
1050,5250,1.9794520547945202
1051,5251,1.403835616438356
1052,5252,1.9945205479452055
1053,5253,1.564931506849315
1054,5254,1.6952054794520548
1055,5255,2.219178082191781
1056,5256,2.3595890410958904
1057,5257,5.068493150684931
1058,5258,1.6902739726027398
1059,5259,3.1923287671232874
1060,5260,0.6238356164383562
1061,5261,2.453150684931507
1062,5262,4.634383561643835
1063,5263,2.76027397260274
1064,5264,0.4150684931506849
1065,5265,4.387945205479451
1066,5266,2.659315068493151
1067,5267,2.654109589041096
1068,5268,3.1232876712328768
1069,5269,2.4291780821917808
1070,5270,3.1780821917808217
1071,5271,1.9704109589041097
1072,5272,3.7942465753424663
1073,5273,2.2905479452054798
1074,5274,4.401506849315068
1075,5275,2.2164383561643834
1076,5276,1.681095890410959
1077,5277,3.1947945205479455
1078,5278,1.0191780821917809
1079,5279,3.765068493150685
1080,5280,1.8082191780821917
1081,5281,4.911506849315068
1082,5282,1.6643835616438356
1083,5283,3.8539726027397263
1084,5284,3.824383561643836
1085,5285,0.37671232876712324
1086,5286,4.88958904109589
1087,5287,1.3865753424657534
1088,5288,2.8606027397260276
1089,5289,3.0416438356164384
1090,5290,3.506712328767124
1091,5291,2.2180821917808218
1092,5292,2.252054794520548
1093,5293,2.9041095890410955
1094,5294,3.306301369863014
1095,5295,1.7950684931506848
1096,5296,1.624931506849315
1097,5297,1.5650684931506849
1098,5298,4.784246575342465
1099,5299,0.5410958904109588
1100,5300,1.2784931506849315
1101,5301,6.344109589041096
1102,5302,2.7842465753424657
1103,5303,5.799452054794521
1104,5304,4.852602739726027
1105,5305,2.06054794520548
1106,5306,3.254794520547945
1107,5307,2.596164383561644
1108,5308,1.3530136986301373
1109,5309,1.7726027397260273
1110,5310,3.7800000000000002
1111,5311,2.4726027397260273
1112,5312,0.8161643835616439
1113,5313,0.676027397260274
1114,5314,2.443287671232877
1115,5315,1.2932876712328767
1116,5316,1.4236986301369865
1117,5317,2.181506849315068
1118,5318,3.791232876712329
1119,5319,2.9205479452054792
1120,5320,2.9383561643835616
1121,5321,3.4827397260273973
1122,5322,4.286712328767123
1123,5323,2.687671232876712
1124,5324,1.4115068493150684
1125,5325,0.2673972602739726
1126,5326,2.9847945205479456
1127,5327,3.6579452054794523
1128,5328,3.6783561643835623
1129,5329,1.795068493150685
1130,5330,1.7095890410958903
1131,5331,4.778630136986301
1132,5332,4.663972602739726
1133,5333,2.466986301369863
1134,5334,2.3802739726027395
1135,5335,2.5767123287671234
1136,5336,0.6904109589041095
1137,5337,1.763013698630137
1138,5338,1.8527397260273974
1139,5339,1.543013698630137
1140,5340,2.08
1141,5341,2.9794520547945202
1142,5342,2.473972602739726
1143,5343,1.9178082191780823
1144,5344,2.358904109589041
1145,5345,3.8501369863013695
1146,5346,1.3386301369863014
1147,5347,5.9401095890410955
1148,5348,1.538082191780822
1149,5349,3.473013698630137
1150,5350,1.6832876712328766
1151,5351,2.0657534246575344
1152,5352,3.753424657534246
1153,5353,1.643835616438356
1154,5354,7.066301369863014
1155,5355,3.9276712328767127
1156,5356,2.4143835616438354
1157,5357,1.3397260273972602
1158,5358,1.2778082191780822
1159,5359,3.6994520547945204
1160,5360,2.7424657534246575
1161,5361,3.2295890410958905
1162,5362,2.5142465753424657
1163,5363,1.574794520547945
1164,5364,2.13041095890411
1165,5365,0.11999999999999998
1166,5366,0.5153424657534247
1167,5367,2.266301369863014
1168,5368,2.7904109589041095
1169,5369,0.0
1170,5370,1.2931506849315069
1171,5371,2.5376712328767126
1172,5372,3.39013698630137
1173,5373,2.563150684931507
1174,5374,1.4786301369863013
1175,5375,3.9212328767123283
1176,5376,1.791780821917808
1177,5377,2.2154794520547942
1178,5378,3.3324657534246573
1179,5379,1.9724657534246577
1180,5380,2.715068493150685
1181,5381,1.601095890410959
1182,5382,2.8035616438356166
1183,5383,3.8354794520547952
1184,5384,4.117260273972603
1185,5385,1.948630136986301
1186,5386,3.206712328767123
1187,5387,4.647945205479452
1188,5388,3.4520547945205475
1189,5389,4.6491780821917805
1190,5390,2.350684931506849
1191,5391,3.939041095890411
1192,5392,4.057397260273973
1193,5393,6.069041095890411
1194,5394,0.810958904109589
1195,5395,2.1665753424657535
1196,5396,1.130821917808219
1197,5397,1.8246575342465754
1198,5398,2.6301369863013697
1199,5399,4.0019178082191775
1200,5400,3.218630136986301
1201,5401,1.7186301369863013
1202,5402,3.7435616438356165
1203,5403,3.4138356164383565
1204,5404,1.643835616438356
1205,5405,4.162191780821917
1206,5406,0.9116438356164384
1207,5407,0.8390410958904109
1208,5408,5.185479452054794
1209,5409,1.8863013698630138
1210,5410,3.9997260273972595
1211,5411,1.0758904109589043
1212,5412,5.751369863013699
1213,5413,1.0586301369863014
1214,5414,5.575342465753425
1215,5415,1.9129863013698631
1216,5416,4.095890410958904
1217,5417,5.05041095890411
1218,5418,2.589041095890411
1219,5419,6.966739726027398
1220,5420,1.9534246575342467
1221,5421,2.67041095890411
1222,5422,2.8465753424657536
1223,5423,0.29753424657534244
1224,5424,3.6690410958904107
1225,5425,4.791095890410959
1226,5426,2.358082191780822
1227,5427,3.143835616438356
1228,5428,1.1752054794520548
1229,5429,3.2547945205479447
1230,5430,2.903424657534247
1231,5431,5.286575342465754
1232,5432,3.2487671232876716
1233,5433,4.504109589041096
1234,5434,2.9828767123287667
1235,5435,3.7945205479452047
1236,5436,0.8191780821917809
1237,5437,4.058219178082192
1238,5438,3.003287671232877
1239,5439,1.4095890410958904
1240,5440,2.408219178082192
1241,5441,2.927671232876712
1242,5442,2.5643835616438353
1243,5443,2.733424657534247
1244,5444,0.7532876712328767
1245,5445,0.3253424657534246
1246,5446,3.1253424657534246
1247,5447,3.6232876712328763
1248,5448,0.9189041095890411
1249,5449,1.65013698630137
1250,5450,1.4794520547945205
1251,5451,3.504657534246575
1252,5452,4.530821917808219
1253,5453,3.4865753424657537
1254,5454,2.0194520547945203
1255,5455,4.148767123287671
1256,5456,2.624931506849315
1257,5457,0.13534246575342468
1258,5458,1.1316438356164382
1259,5459,2.2273972602739724
1260,5460,1.681095890410959
1261,5461,1.4228767123287673
1262,5462,2.7
1263,5463,2.929315068493151
1264,5464,3.749315068493151
1265,5465,4.345753424657534
1266,5466,1.7486301369863015
1267,5467,2.991780821917808
1268,5468,4.583835616438356
1269,5469,4.215342465753425
1270,5470,0.9945205479452054
1271,5471,3.0575342465753423
1272,5472,1.4761643835616438
1273,5473,1.5657534246575342
1274,5474,1.438904109589041
1275,5475,2.3328767123287673
1276,5476,1.5275342465753423
1277,5477,1.152876712328767
1278,5478,1.3446575342465752
1279,5479,5.9769863013698625
1280,5480,4.456849315068493
1281,5481,3.586575342465754
1282,5482,0.47465753424657536
1283,5483,2.8813698630136986
1284,5484,2.275890410958904
1285,5485,2.168082191780822
1286,5486,1.775068493150685
1287,5487,3.536712328767123
1288,5488,2.3756164383561647
1289,5489,4.737945205479452
1290,5490,2.383561643835616
1291,5491,1.0723287671232877
1292,5492,3.6357534246575343
1293,5493,2.6794520547945204
1294,5494,5.564109589041096
1295,5495,0.6817808219178082
1296,5496,4.589041095890411
1297,5497,2.728767123287671
1298,5498,3.7052054794520544
1299,5499,3.214246575342466
1300,5500,2.4547945205479453
1301,5501,1.8013698630136985
1302,5502,5.1128767123287675
1303,5503,1.4465753424657535
1304,5504,5.515616438356165
1305,5505,2.17972602739726
1306,5506,3.1071232876712327
1307,5507,2.688219178082192
1308,5508,2.3090410958904113
1309,5509,3.5901369863013697
1310,5510,3.6283561643835616
1311,5511,1.0250958904109588
1312,5512,4.303561643835617
1313,5513,1.1756164383561645
1314,5514,1.7452054794520548
1315,5515,5.097534246575343
1316,5516,4.7904109589041095
1317,5517,0.5486301369863014
1318,5518,1.0410958904109588
1319,5519,1.9589041095890412
1320,5520,2.0687671232876714
1321,5521,0.6975342465753425
1322,5522,2.3597260273972602
1323,5523,0.2542465753424658
1324,5524,2.899178082191781
1325,5525,1.7438356164383562
1326,5526,1.1095890410958904
1327,5527,3.814520547945205
1328,5528,4.712054794520548
1329,5529,0.04931506849315068
1330,5530,3.0279452054794516
1331,5531,1.3232876712328765
1332,5532,2.4349315068493147
1333,5533,2.243287671232877
1334,5534,1.2761643835616439
1335,5535,3.2546575342465753
1336,5536,5.017123287671232
1337,5537,2.421232876712329
1338,5538,7.042191780821918
1339,5539,2.1832876712328764
1340,5540,0.5347945205479452
1341,5541,0.7532876712328767
1342,5542,3.1628493150684927
1343,5543,2.3597260273972602
1344,5544,3.6727397260273973
1345,5545,4.3265753424657545
1346,5546,2.60013698630137
1347,5547,3.5046575342465753
1348,5548,4.885890410958904
1349,5549,0.13767123287671232
1350,5550,3.9736986301369863
1351,5551,0.0589041095890411
1352,5552,0.708904109589041
1353,5553,4.657534246575342
1354,5554,2.778082191780822
1355,5555,0.5917808219178082
1356,5556,2.182191780821918
1357,5557,1.7186301369863013
1358,5558,0.25205479452054796
1359,5559,2.60013698630137
1360,5560,1.7534246575342465
1361,5561,1.3041095890410959
1362,5562,3.1697260273972603
1363,5563,5.60958904109589
1364,5564,4.0056164383561645
1365,5565,0.33150684931506846
1366,5566,3.26027397260274
1367,5567,2.1939726027397266
1368,5568,3.0438356164383564
1369,5569,0.0
1370,5570,4.505479452054795
1371,5571,3.2589041095890408
1372,5572,1.4638356164383561
1373,5573,3.458356164383561
1374,5574,0.0
1375,5575,3.8816438356164387
1376,5576,3.9205479452054797
1377,5577,3.147534246575342
1378,5578,3.4263013698630136
1379,5579,1.6534246575342466
1380,5580,2.0493150684931507
1381,5581,3.484109589041096
1382,5582,1.484383561643836
1383,5583,4.098082191780822
1384,5584,0.4445205479452055
1385,5585,2.9564383561643837
1386,5586,2.91986301369863
1387,5587,2.1227397260273975
1388,5588,0.8654794520547944
1389,5589,0.0
1390,5590,4.253698630136987
1391,5591,2.1468493150684926
1392,5592,4.6945205479452055
1393,5593,0.3221917808219178
1394,5594,2.8387671232876714
1395,5595,3.505753424657535
1396,5596,4.227945205479451
1397,5597,3.663013698630137
1398,5598,3.256438356164383
1399,5599,0.6343835616438357
1400,5600,3.857671232876713
1401,5601,2.3856164383561644
1402,5602,1.5910958904109591
1403,5603,2.1150684931506847
1404,5604,1.6383561643835616
1405,5605,2.2323287671232874
1406,5606,0.3787397260273973
1407,5607,4.733150684931507
1408,5608,3.2473972602739725
1409,5609,1.444109589041096
1410,5610,5.026438356164384
1411,5611,4.239726027397261
1412,5612,4.147260273972603
1413,5613,2.597808219178083
1414,5614,0.9505479452054795
1415,5615,1.9161643835616438
1416,5616,1.9639726027397262
1417,5617,3.505753424657535
1418,5618,1.6224657534246576
1419,5619,4.6506849315068495
1420,5620,4.2534246575342465
1421,5621,0.7056164383561645
1422,5622,0.9024657534246575
1423,5623,5.078136986301369
1424,5624,2.9457534246575343
1425,5625,4.462328767123288
1426,5626,1.3315068493150684
1427,5627,6.102465753424659
1428,5628,0.7067123287671233
1429,5629,2.5380821917808216
1430,5630,3.9506849315068497
1431,5631,0.34931506849315064
1432,5632,5.905205479452055
1433,5633,1.4780821917808218
1434,5634,1.6335616438356164
1435,5635,2.0328767123287674
1436,5636,4.645479452054794
1437,5637,2.8849315068493153
1438,5638,1.2552054794520549
1439,5639,0.3835616438356164
1440,5640,0.7895890410958905
1441,5641,2.8630136986301364
1442,5642,2.229041095890411
1443,5643,1.7294520547945205
1444,5644,4.111780821917809
1445,5645,1.6110958904109587
1446,5646,3.8465753424657536
1447,5647,2.2006849315068493
1448,5648,1.5493150684931507
1449,5649,3.7753424657534245
1450,5650,0.5589041095890411
1451,5651,3.6579452054794523
1452,5652,7.552328767123289
1453,5653,1.5686301369863014
1454,5654,2.8368493150684935
1455,5655,2.949041095890411
1456,5656,5.051506849315068
1457,5657,2.3664383561643834
1458,5658,3.987123287671232
1459,5659,0.1191780821917808
1460,5660,1.4460273972602742
1461,5661,2.845068493150685
1462,5662,4.336438356164384
1463,5663,1.4205479452054794
1464,5664,0.6273972602739726
1465,5665,1.6167123287671235
1466,5666,1.6136986301369864
1467,5667,5.034246575342466
1468,5668,0.0
1469,5669,2.8734246575342466
1470,5670,2.9623287671232874
1471,5671,3.6894520547945207
1472,5672,3.771780821917808
1473,5673,4.715753424657533
1474,5674,4.959452054794522
1475,5675,1.715753424657534
1476,5676,2.0098630136986304
1477,5677,3.0639452054794516
1478,5678,5.424383561643836
1479,5679,0.9073972602739725
1480,5680,1.9047945205479453
1481,5681,4.123972602739726
1482,5682,1.2786301369863013
1483,5683,1.3673972602739726
1484,5684,2.7353424657534244
1485,5685,4.094383561643836
1486,5686,1.3767123287671232
1487,5687,4.527123287671232
1488,5688,4.315342465753425
1489,5689,2.174794520547945
1490,5690,2.1863013698630134
1491,5691,2.5821917808219177
1492,5692,2.268767123287671
1493,5693,0.42739726027397257
1494,5694,1.9791780821917806
1495,5695,2.586712328767123
1496,5696,2.0493150684931507
1497,5697,2.410958904109589
1498,5698,1.224931506849315
1499,5699,2.0405479452054798
1500,5700,2.8734246575342475
1501,5701,2.3157534246575344
1502,5702,1.6301369863013697
1503,5703,2.9552054794520553
1504,5704,7.027397260273972
1505,5705,3.452054794520548
1506,5706,0.3049315068493151
1507,5707,2.08
1508,5708,0.9473972602739726
1509,5709,2.448082191780822
1510,5710,0.10684931506849314
1511,5711,3.497260273972603
1512,5712,3.191917808219178
1513,5713,2.445205479452055
1514,5714,1.5912328767123285
1515,5715,2.4417808219178085
1516,5716,2.7958904109589042
1517,5717,3.0575342465753423
1518,5718,1.6267123287671232
1519,5719,3.8572602739726025
1520,5720,2.3243835616438355
1521,5721,2.589041095890411
1522,5722,1.486027397260274
1523,5723,1.0586301369863016
1524,5724,4.216438356164384
1525,5725,1.3071232876712329
1526,5726,2.332054794520548
1527,5727,3.1253424657534246
1528,5728,4.517260273972602
1529,5729,1.1835616438356165
1530,5730,0.3772602739726027
1531,5731,2.806575342465753
1532,5732,5.665205479452054
1533,5733,0.5246575342465752
1534,5734,3.4027397260273977
1535,5735,3.1835616438356165
1536,5736,1.0756164383561644
1537,5737,3.1797260273972605
1538,5738,2.0071232876712326
1539,5739,5.020547945205479
1540,5740,4.947123287671233
1541,5741,0.8726027397260274
1542,5742,0.4383561643835616
1543,5743,3.9908219178082196
1544,5744,4.24972602739726
1545,5745,3.273972602739726
1546,5746,4.43013698630137
1547,5747,4.407123287671233
1548,5748,1.4794520547945207
1549,5749,0.8054794520547945
1550,5750,2.2210958904109592
1551,5751,1.9043835616438356
1552,5752,2.1830136986301367
1553,5753,1.215753424657534
1554,5754,5.462328767123287
1555,5755,0.5258904109589041
1556,5756,3.3265753424657536
1557,5757,2.5458904109589042
1558,5758,3.5376712328767117
1559,5759,0.16493150684931507
1560,5760,2.7852054794520553
1561,5761,0.6205479452054794
1562,5762,0.684931506849315
1563,5763,1.9216438356164385
1564,5764,3.4323287671232876
1565,5765,7.280000000000001
1566,5766,2.0284931506849313
1567,5767,3.133561643835616
1568,5768,2.974246575342466
1569,5769,9.154109589041097
1570,5770,1.1247945205479453
1571,5771,1.643835616438356
1572,5772,2.021917808219178
1573,5773,1.5493150684931507
1574,5774,0.30109589041095897
1575,5775,1.0890410958904109
1576,5776,6.599726027397261
1577,5777,2.769315068493151
1578,5778,5.020821917808219
1579,5779,1.8784931506849314
1580,5780,2.335123287671233
1581,5781,2.025205479452055
1582,5782,4.257534246575343
1583,5783,3.219178082191781
1584,5784,0.0
1585,5785,4.608493150684931
1586,5786,5.285479452054795
1587,5787,2.4291780821917808
1588,5788,0.19246575342465752
1589,5789,3.939041095890411
1590,5790,4.484109589041096
1591,5791,3.537534246575342
1592,5792,2.1858904109589044
1593,5793,1.671780821917808
1594,5794,2.186301369863014
1595,5795,4.223835616438357
1596,5796,4.312602739726028
1597,5797,2.3542465753424655
1598,5798,2.7846575342465747
1599,5799,3.6723287671232874
1600,5800,1.6704109589041096
1601,5801,0.42383561643835616
1602,5802,0.7414794520547945
1603,5803,2.427945205479452
1604,5804,4.039178082191781
1605,5805,2.696301369863014
1606,5806,4.442054794520548
1607,5807,3.4506849315068493
1608,5808,4.3764383561643845
1609,5809,2.328767123287671
1610,5810,1.4005479452054794
1611,5811,1.1564383561643836
1612,5812,1.9035616438356162
1613,5813,0.06027397260273973
1614,5814,1.0993150684931507
1615,5815,3.532191780821918
1616,5816,1.5493150684931507
1617,5817,6.048767123287671
1618,5818,4.077616438356165
1619,5819,0.9643835616438357
1620,5820,1.680821917808219
1621,5821,3.2363013698630136
1622,5822,2.5002739726027396
1623,5823,3.605479452054795
1624,5824,5.428109589041096
1625,5825,3.4054794520547946
1626,5826,3.4405479452054792
1627,5827,7.663561643835616
1628,5828,1.339041095890411
1629,5829,3.2260273972602738
1630,5830,3.095068493150685
1631,5831,1.7438356164383562
1632,5832,4.647945205479452
1633,5833,1.93972602739726
1634,5834,0.3594520547945205
1635,5835,3.0273972602739727
1636,5836,1.052054794520548
1637,5837,0.2465753424657534
1638,5838,1.3783561643835618
1639,5839,0.3501369863013698
1640,5840,1.763013698630137
1641,5841,0.8120547945205477
1642,5842,3.696164383561644
1643,5843,1.9161643835616438
1644,5844,1.13013698630137
1645,5845,2.810958904109589
1646,5846,4.046301369863014
1647,5847,3.926712328767123
1648,5848,1.9280821917808217
1649,5849,1.6383561643835616
1650,5850,2.7628767123287674
1651,5851,1.9227397260273973
1652,5852,4.003287671232877
1653,5853,2.8832876712328765
1654,5854,5.0819178082191785
1655,5855,1.3664383561643836
1656,5856,1.784109589041096
1657,5857,1.6534246575342466
1658,5858,4.732876712328767
1659,5859,0.5378082191780822
1660,5860,3.7020547945205475
1661,5861,4.37013698630137
1662,5862,2.9956164383561648
1663,5863,1.63013698630137
1664,5864,4.977095890410959
1665,5865,2.2783561643835615
1666,5866,3.5999999999999996
1667,5867,4.874109589041096
1668,5868,0.6399999999999999
1669,5869,1.2917808219178084
1670,5870,2.9921917808219183
1671,5871,3.2942465753424655
1672,5872,3.2410958904109592
1673,5873,1.841095890410959
1674,5874,1.837808219178082
1675,5875,1.3013698630136985
1676,5876,3.6767123287671235
1677,5877,2.1041095890410957
1678,5878,2.5813698630136988
1679,5879,5.640410958904109
1680,5880,4.031232876712329
1681,5881,4.763835616438357
1682,5882,2.006849315068493
1683,5883,4.633698630136986
1684,5884,3.143835616438356
1685,5885,3.924246575342466
1686,5886,3.2383561643835614
1687,5887,2.4230136986301374
1688,5888,1.9178082191780823
1689,5889,1.1527397260273973
1690,5890,1.0968493150684933
1691,5891,2.60013698630137
1692,5892,0.6616438356164382
1693,5893,0.2805479452054795
1694,5894,2.570958904109589
1695,5895,4.050410958904109
1696,5896,3.651506849315069
1697,5897,1.2821917808219176
1698,5898,1.569041095890411
1699,5899,4.157260273972603
1700,5900,4.970958904109589
1701,5901,3.861369863013699
1702,5902,2.5583561643835617
1703,5903,1.2602739726027397
1704,5904,3.5095890410958908
1705,5905,0.3778082191780822
1706,5906,6.420821917808219
1707,5907,0.5034246575342466
1708,5908,3.7150684931506848
1709,5909,2.8956164383561642
1710,5910,1.9786301369863015
1711,5911,3.561780821917808
1712,5912,3.572876712328767
1713,5913,1.3726027397260272
1714,5914,0.8164383561643835
1715,5915,4.364383561643836
1716,5916,5.109041095890411
1717,5917,4.626712328767123
1718,5918,1.9660273972602738
1719,5919,4.06027397260274
1720,5920,3.1815068493150687
1721,5921,1.841095890410959
1722,5922,2.3504109589041096
1723,5923,2.3424657534246576
1724,5924,3.0957534246575342
1725,5925,3.6399999999999997
1726,5926,3.288082191780822
1727,5927,3.241095890410959
1728,5928,4.662575342465754
1729,5929,4.181917808219177
1730,5930,2.5967123287671234
1731,5931,3.4865753424657537
1732,5932,3.3842465753424658
1733,5933,4.674657534246575
1734,5934,4.046575342465753
1735,5935,2.640410958904109
1736,5936,0.6480821917808219
1737,5938,2.1932876712328766
1738,5939,1.3801369863013697
1739,5940,2.722191780821918
1740,5941,2.826164383561644
1741,5942,0.6280821917808219
1742,5943,1.9731506849315068
1743,5944,5.687945205479451
1744,5945,1.0060273972602738
1745,8000,0.8438356164383563
1746,8001,4.095890410958904
1747,8002,5.314931506849315
1748,8003,8.023972602739725
1749,8004,2.054794520547945
1750,8005,2.5495890410958904
1751,8006,5.90986301369863
1752,8007,4.398630136986301
1753,8008,4.09972602739726
1754,8009,8.238904109589042
1755,8010,4.736301369863014
1756,8011,5.381643835616438
1757,8012,1.6493150684931508
1758,8013,6.668630136986301
1759,8014,4.316712328767124
1760,8015,3.4060273972602735
1761,8016,3.075068493150685
1762,8017,4.688219178082193
1763,8018,2.787671232876712
1764,8019,8.01027397260274
1765,8020,4.256164383561644
1766,8021,3.9720547945205484
1767,8022,5.402739726027396
1768,8023,4.315068493150685
1769,8024,4.564383561643836
1770,8025,6.98972602739726
1771,8026,3.532602739726028
1772,8027,3.5479452054794516
1773,8028,2.215342465753425
1774,8029,4.541369863013698
1775,8030,5.032328767123287
1776,8031,2.7575342465753425
1777,8032,6.250684931506849
1778,8033,6.609589041095889
1779,8034,4.487671232876712
1780,8035,1.573972602739726
1781,8036,9.167123287671235
1782,8037,4.841506849315069
1783,8038,0.5424657534246575
1784,8039,7.479452054794521
1785,8040,2.433698630136986
1786,8041,7.3567123287671246
1787,8042,8.30027397260274
1788,8043,6.815890410958904
1789,8044,4.861643835616438
1790,8045,4.647123287671232
1791,8046,3.2547945205479447
1792,8047,1.6712328767123286
1793,8048,11.393698630136985
1794,8049,3.8116438356164384
1795,8050,5.503424657534246
1796,8051,2.0712328767123287
1797,8052,5.661369863013698
1798,8053,2.4953424657534247
1799,8054,5.325342465753424
1800,8055,2.544520547945205
1801,8056,6.227890410958905
1802,8057,4.195616438356164
1803,8058,5.762739726027397
1804,8059,7.545205479452055
1805,8060,5.338904109589041
1806,8061,4.811095890410959
1807,8062,1.674109589041096
1808,8063,2.2495890410958905
1809,8064,4.433013698630137
1810,8065,2.390410958904109
1811,8066,4.878904109589041
1812,8067,3.0575342465753423
1813,8068,3.2765753424657538
1814,8069,5.506027397260274
1815,8070,3.8404109589041098
1816,8071,5.260273972602739
1817,8072,8.327123287671233
1818,8073,3.9027397260273973
1819,8074,3.210958904109589
1820,8075,5.041095890410959
1821,8076,4.750684931506849
1822,8077,4.291780821917809
1823,8078,3.753972602739726
1824,8079,6.222602739726026
1825,8080,7.822602739726028
1826,8081,5.159589041095891
1827,8082,3.765205479452055
1828,8083,2.7698630136986298
1829,8084,0.6180821917808219
1830,8085,1.9189041095890413
1831,8086,6.202602739726027
1832,8087,1.7013698630136984
1833,8088,4.176986301369864
1834,8089,3.2732876712328767
1835,8090,2.6087671232876715
1836,8091,4.0246575342465745
1837,8092,5.233561643835617
1838,8093,3.195616438356164
1839,8094,3.1402739726027398
1840,8095,1.3893150684931508
1841,8096,6.482191780821918
1842,8097,4.372602739726028
1843,8098,3.506849315068493
1844,8099,9.56835616438356
1845,8100,4.5547945205479445
1846,8101,8.487397260273973
1847,8102,2.974246575342466
1848,8103,0.5084931506849315
1849,8104,4.42986301369863
1850,8105,4.275479452054794
1851,8106,7.05123287671233
1852,8107,3.9057534246575343
1853,8108,2.4863013698630136
1854,8109,7.839041095890411
1855,8110,3.8767123287671237
1856,8111,4.533972602739726
1857,8112,3.007123287671233
1858,8113,5.773972602739725
1859,8114,5.479041095890412
1860,8115,1.8024657534246578
1861,8116,1.8342465753424657
1862,8117,3.9999999999999996
1863,8118,9.53876712328767
1864,8119,2.8328767123287673
1865,8120,3.2054794520547945
1866,8121,6.75068493150685
1867,8122,5.128767123287671
1868,8123,2.051095890410959
1869,8124,7.619863013698629
1870,8125,2.467945205479452
1871,8126,2.770958904109589
1872,8127,2.2035616438356165
1873,8128,5.555342465753425
1874,8129,5.373287671232877
1875,8130,2.9934246575342467
1876,8131,6.186575342465753
1877,8132,2.066849315068493
1878,8133,3.0183561643835617
1879,8134,5.096164383561644
1880,8135,2.949041095890411
1881,8136,3.254794520547945
1882,8137,2.9504109589041096
1883,8138,8.595068493150684
1884,8139,4.376301369863015
1885,8140,4.565068493150685
1886,8141,4.490958904109588
1887,8142,5.784246575342466
1888,8143,2.835616438356164
1889,8144,10.438219178082193
1890,8145,5.329315068493151
1891,8146,7.016301369863014
1892,8147,9.165205479452055
1893,8148,5.8054794520547945
1894,8149,2.9828767123287667
1895,8150,5.346027397260274
1896,8151,2.9504109589041096
1897,8152,7.434246575342466
1898,8153,2.8738356164383556
1899,8154,6.33972602739726
1900,8155,3.7676712328767117
1901,8156,3.966027397260274
1902,8157,7.095890410958903
1903,8158,7.527397260273973
1904,8159,7.544657534246575
1905,8160,3.8428767123287675
1906,8161,6.772191780821918
1907,8162,2.727397260273973
1908,8163,4.4309589041095885
1909,8164,6.716712328767123
1910,8165,6.218630136986302
1911,8166,4.952465753424658
1912,8167,7.548493150684933
1913,8168,0.718904109589041
1914,8169,5.3719178082191785
1915,8170,4.479452054794521
1916,8171,1.9095890410958904
1917,8172,4.697260273972603
1918,8173,5.676712328767123
1919,8174,4.715753424657534
1920,8175,5.7957534246575335
1921,8176,6.121643835616439
1922,8177,5.339178082191781
1923,8178,4.20986301369863
1924,8179,5.492602739726027
1925,8180,7.182739726027397
1926,8181,4.2465753424657535
1927,8182,4.5086301369863016
1928,8183,4.430958904109589
1929,8184,5.418493150684932
1930,8185,7.265753424657533
1931,8186,3.1554794520547946
1932,8187,4.88958904109589
1933,8188,5.447671232876711
1934,8189,4.481917808219178
1935,8190,4.941369863013699
1936,8191,6.857260273972603
1937,8192,9.044383561643837
1938,8193,4.167123287671233
1939,8194,2.744383561643836
1940,8195,5.523287671232877
1941,8196,6.50958904109589
1942,8197,6.293424657534246
1943,8198,0.6410958904109589
1944,8199,1.865753424657534
1945,8200,4.576438356164383
1946,8201,5.663013698630137
1947,8202,4.297945205479452
1948,8203,1.065205479452055
1949,8204,3.1472602739726026
1950,8205,4.231232876712329
1951,8206,4.687397260273972
1952,8207,3.1290410958904107
1953,8208,5.997808219178082
1954,8209,3.9635616438356163
1955,8210,3.133561643835616
1956,8211,3.6263013698630133
1957,8212,5.297945205479452
1958,8213,5.833972602739727
1959,8214,3.4493150684931506
1960,8215,2.3945205479452056
1961,8216,3.0550684931506846
1962,8217,3.5412328767123284
1963,8218,5.263698630136986
1964,8219,5.0034246575342465
1965,8220,5.854931506849316
1966,8221,4.77972602739726
1967,8222,5.572602739726027
1968,8223,5.6915068493150685
1969,8224,5.084109589041096
1970,8225,7.953150684931507
1971,8226,7.743013698630138
1972,8227,7.860547945205479
1973,8228,6.186849315068494
1974,8229,6.357945205479452
1975,8230,3.2668493150684936
1976,8231,5.646027397260274
1977,8232,1.9597260273972605
1978,8233,2.047945205479452
1979,8234,3.765068493150685
1980,8235,3.063698630136986
1981,8236,4.875616438356165
1982,8237,2.429041095890411
1983,8238,1.9597260273972605
1984,8239,3.6875342465753427
1985,8240,2.2265753424657535
1986,8241,4.553698630136986
1987,8242,7.095890410958903
1988,8243,4.082191780821917
1989,8244,3.7676712328767117
1990,8245,7.886027397260274
1991,8246,3.5342465753424652
1992,8247,3.414657534246576
1993,8248,5.186027397260275
1994,8249,5.052328767123288
1995,8250,3.9320547945205475
1996,8251,7.545205479452055
1997,8252,6.528219178082192
1998,8253,2.1397260273972605
1999,8254,6.062054794520547
2000,8255,6.061643835616438
2001,8256,6.249863013698628
2002,8257,6.816575342465754
2003,8258,4.256575342465753
2004,8259,2.3934246575342466
2005,8260,6.90027397260274
2006,8261,5.743561643835616
2007,8262,7.636712328767124
2008,8263,5.292739726027397
2009,8264,4.116575342465754
2010,8265,3.7226027397260273
2011,8266,6.610410958904109
2012,8267,8.893424657534245
2013,8268,5.662602739726028
2014,8269,6.772191780821918
2015,8270,2.9623287671232874
2016,8271,5.232876712328768
2017,8272,7.4641095890410964
2018,8273,2.5397260273972604
2019,8274,4.2027397260273975
2020,8275,4.481095890410958
2021,8276,4.984109589041095
2022,8277,2.6531506849315067
2023,8278,5.166986301369863
2024,8279,6.787671232876711
2025,8280,5.676712328767124
2026,8281,6.113835616438356
2027,8282,7.944657534246576
2028,8283,5.822465753424658
2029,8284,2.118082191780822
2030,8285,12.584657534246578
2031,8286,4.678767123287671
2032,8287,3.0950684931506847
2033,8288,5.484931506849315
2034,8289,8.913698630136986
2035,8290,4.717808219178082
2036,8291,4.106301369863014
2037,8292,3.6361643835616433
2038,8293,1.386986301369863
2039,8294,4.784246575342465
2040,8295,4.424657534246575
2041,8296,4.34958904109589
2042,8297,10.444383561643837
2043,8298,4.66027397260274
2044,8299,1.6115068493150686
2045,8300,6.402328767123287
2046,8301,8.311780821917809
2047,8302,1.8520547945205479
2048,8303,3.1758904109589037
2049,8304,2.195890410958904
2050,8305,3.8835616438356166
2051,8306,4.739726027397261
2052,8307,5.489726027397261
2053,8308,2.0342465753424657
2054,8309,3.1512328767123283
2055,8310,8.058219178082192
2056,8311,34.00890410958904
2057,8312,5.133698630136987
2058,8313,4.461369863013699
2059,8314,4.1030136986301375
2060,8315,2.570958904109589
2061,8316,7.0547945205479445
2062,8317,3.865068493150685
2063,8318,5.975890410958905
2064,8319,6.752986301369863
2065,8320,2.914383561643836
2066,8321,4.6528767123287675
2067,8322,8.212054794520547
2068,8323,5.118904109589041
2069,8324,4.996849315068493
2070,8325,0.4828767123287671
2071,8326,3.6875342465753427
2072,8327,5.195342465753424
2073,8328,5.242739726027397
2074,8329,3.9320547945205475
2075,8330,3.274520547945205
2076,8331,2.9884931506849313
2077,8332,1.941095890410959
2078,8333,4.387945205479452
2079,8334,4.164931506849315
2080,8335,7.009315068493151
2081,8336,5.562739726027398
2082,8337,3.2157534246575343
2083,8338,5.08986301369863
2084,8339,4.811095890410959
2085,8340,6.359452054794521
2086,8341,11.062465753424657
2087,8342,3.6032876712328767
2088,8343,3.0152054794520557
2089,8344,5.776438356164384
2090,8345,7.376164383561644
2091,8346,5.891917808219179
2092,8347,4.14054794520548
2093,8348,6.904109589041096
2094,8349,4.798356164383562
2095,8350,4.484383561643836
2096,8351,6.683835616438356
2097,8352,4.565068493150685
2098,8353,7.770821917808218
2099,8354,1.6446575342465755
2100,8355,4.095616438356164
2101,8356,2.8187671232876714
2102,8357,4.231232876712329
2103,8358,3.216164383561644
2104,8359,6.328767123287672
2105,8360,3.6690410958904103
2106,8361,4.643013698630137
2107,8362,3.4027397260273977
2108,8363,4.643835616438356
2109,8364,7.516164383561644
2110,8365,9.99945205479452
2111,8366,3.421369863013699
2112,8367,3.36
2113,8368,5.632602739726028
2114,8369,4.17095890410959
2115,8370,5.846575342465754
2116,8371,3.896986301369863
2117,8372,4.078767123287671
2118,8373,6.97931506849315
2119,8374,4.769041095890411
2120,8375,8.946849315068492
2121,8376,4.510684931506849
2122,8377,3.493150684931507
2123,8378,5.773972602739725
2124,8379,5.252054794520548
2125,8380,4.662191780821918
2126,8381,5.321917808219177
2127,8382,8.558630136986302
2128,8383,5.061643835616438
2129,8384,9.941917808219179
2130,8385,4.544520547945205
2131,8386,7.4860273972602736
2132,8387,4.373698630136985
2133,8388,5.625616438356165
2134,8389,4.0034246575342465
2135,8390,2.726575342465753
2136,8391,2.7649315068493148
2137,8392,4.801369863013698
2138,8393,4.694794520547946
2139,8394,6.025068493150685
2140,8395,8.484657534246576
2141,8396,5.406575342465754
2142,8397,8.551232876712328
2143,8398,1.9528767123287671
2144,8399,4.192328767123287
2145,8400,4.416438356164384
2146,8401,3.399041095890411
2147,8402,1.6446575342465755
2148,8403,5.385205479452055
2149,8404,3.4506849315068497
2150,8405,3.4438356164383555
2151,8406,5.882328767123288
2152,8407,5.377808219178083
2153,8408,3.8893150684931506
2154,8409,2.5267123287671236
2155,8410,10.881643835616439
2156,8411,6.517808219178082
2157,8412,5.36986301369863
2158,8413,5.75917808219178
2159,8414,5.020684931506849
2160,8415,3.1545205479452054
2161,8416,1.1901369863013698
2162,8417,5.522054794520549
2163,8418,4.347945205479452
2164,8419,5.032328767123287
2165,8420,6.344109589041096
2166,8421,2.1815068493150687
2167,8422,4.726027397260274
2168,8423,7.22945205479452
2169,8424,3.9794520547945202
2170,8425,4.984109589041095
2171,8426,2.356027397260274
2172,8427,4.013698630136986
2173,8428,7.465205479452053
2174,8429,5.757260273972602
2175,8430,4.5789041095890415
2176,8431,3.2945205479452055
2177,8432,2.8356164383561646
2178,8433,1.4076712328767125
2179,8434,4.360684931506849
2180,8435,4.318630136986302
2181,8436,4.577945205479453
2182,8437,4.704931506849315
2183,8438,5.198630136986302
2184,8439,3.8643835616438356
2185,8440,6.9907945205479445
2186,8441,6.749315068493151
2187,8442,2.893835616438356
2188,8443,6.165205479452054
2189,8444,6.044109589041096
2190,8445,5.9550684931506845
2191,8446,8.825753424657535
2192,8447,5.152191780821918
2193,8448,2.9624657534246577
2194,8449,3.2873972602739725
2195,8450,5.101369863013699
2196,8451,3.8104109589041095
2197,8452,2.6782191780821916
2198,8453,5.692876712328768
2199,8454,2.33013698630137
2200,8455,5.075342465753424
2201,8456,3.1849315068493147
2202,8457,5.607671232876712
2203,8458,5.007123287671233
2204,8459,8.334246575342465
2205,8460,5.139726027397261
2206,8461,5.933698630136986
2207,8462,4.708493150684931
2208,8463,6.528219178082192
2209,8464,2.9427397260273978
2210,8465,3.828082191780822
2211,8466,3.9828767123287667
2212,8467,3.9057534246575343
2213,8468,2.6731506849315076
2214,8469,4.9376712328767125
2215,8470,4.571917808219178
2216,8471,2.3978082191780823
2217,8472,6.720000000000001
2218,8473,1.2821917808219179
2219,8474,1.693972602739726
2220,8475,3.318904109589041
2221,8476,3.254794520547945
2222,8477,3.7912328767123293
2223,8478,4.808219178082192
2224,8479,3.339178082191781
2225,8480,4.589863013698631
2226,8481,6.934794520547946
2227,8482,4.05945205479452
2228,8483,6.56876712328767
2229,8484,2.866027397260274
2230,8485,5.192876712328768
2231,8486,5.818630136986301
2232,8487,5.691780821917807
2233,8488,4.675616438356165
2234,8489,6.359452054794521
2235,8490,3.308219178082192
2236,8491,4.266849315068493
2237,8492,5.833972602739727
2238,8493,4.5616438356164375
2239,8494,7.301369863013698
2240,8495,5.28986301369863
2241,8496,5.120547945205479
2242,8497,4.1589041095890416
2243,8498,2.613698630136986
2244,8499,4.456986301369863
2245,8500,5.724794520547945
2246,8501,2.1267123287671232
